year,event_date_start,event_date_end,province,municipality,commodity,disaster_type_raw,disaster_category,disaster_name,area_partially_damaged_ha,area_totally_damaged_ha,area_total_affected_ha,farmers_affected,losses_php_production_cost,losses_php_farm_gate,losses_php_grand_total,sanitation_remarks,source_row_number,error_reason
2010,2010-12-09,2010-12-10,CAPIZ,PANITAN,RICE,FLOODING / TYPHOON / DRY SPELL,ITCZ,COLD FRONT (TAIL-END) INDUCED FLASH FLOODING,568.0,922.0,1472.0,1510.0,6946693.46,4624630.0,11571323.46,"Parsed from 'Month Day-Day, Year' format.",30,Area inconsistency: Partial(568.0) + Totally(922.0) != Total(1472.0).
2010,2010-12-09,2010-12-10,CAPIZ,CITY OF ROXAS,RICE,FLOODING / TYPHOON / DRY SPELL,ITCZ,COLD FRONT (TAIL-END) INDUCED FLASH FLOODING,75.0,30.0,95.0,90.0,180170.32,0.0,180170.32,"Parsed from 'Month Day-Day, Year' format.",32,Area inconsistency: Partial(75.0) + Totally(30.0) != Total(95.0).
2010,2009-12-01,2010-03-15,AKLAN,IBAJAY,RICE,FLOODING / TYPHOON / DRY SPELL,DRY SPELL,EL NIÑO,211.0,0.0,124.0,292.0,0.0,1170765.4,1170765.4,Start date assumed as 1st of month.,41,Area inconsistency: Partial(211.0) + Totally(0.0) != Total(124.0).
2010,2009-12-01,2010-03-15,CAPIZ,DAO,RICE,FLOODING / TYPHOON / DRY SPELL,DRY SPELL,EL NIÑO,70.0,178.0,108.0,190.0,643490.56,0.0,643490.56,Start date assumed as 1st of month.,64,Area inconsistency: Partial(70.0) + Totally(178.0) != Total(108.0).
2010,2009-12-01,2010-03-15,CAPIZ,-,HVC,FLOODING / TYPHOON / DRY SPELL,DRY SPELL,EL NIÑO,0.0,0.0,0.0,0.0,0.0,0.0,0.0,Start date assumed as 1st of month.,88,Missing or zero Grand Total for PHP loss.
2010,2009-12-01,2010-03-15,NEGROS OCCIDENTAL,CITY OF KABANKALAN,HVC,FLOODING / TYPHOON / DRY SPELL,DRY SPELL,EL NIÑO,172.5,21.0,0.0,0.0,0.0,0.0,0.0,Start date assumed as 1st of month.,153,Missing or zero Grand Total for PHP loss.
2010,2009-12-01,2010-03-15,NEGROS OCCIDENTAL,MURCIA,HVC,FLOODING / TYPHOON / DRY SPELL,DRY SPELL,EL NIÑO,0.0,0.0,0.0,0.0,0.0,0.0,0.0,Start date assumed as 1st of month.,154,Missing or zero Grand Total for PHP loss.
2010,2009-12-01,2010-03-15,NEGROS OCCIDENTAL,CITY OF SIPALAY,HVC,FLOODING / TYPHOON / DRY SPELL,DRY SPELL,EL NIÑO,0.0,0.0,0.0,0.0,0.0,0.0,0.0,Start date assumed as 1st of month.,155,Missing or zero Grand Total for PHP loss.
2011,2011-10-12,2011-10-12,CAPIZ,PONTEVEDRA,CORN,FLOODING / TYPHOON / DRY SPELL,TROPICAL CYCLONE,TY RAMON 2011 INDUCED FLASH FLOODING,159.5,0.0,159.5,122.0,0.0,0.0,0.0,Parsed as a single day event.,191,Missing or zero Grand Total for PHP loss.
2011,2011-02-05,2011-02-06,CAPIZ,PANAY,RICE,FLOODING / TYPHOON / DRY SPELL,NORTHEAST MONSOON,ENHANCED NORTHEAST MONSOON,107.0,39.0,150.0,150.0,7132.19,1748790.0,1755922.19,"Parsed from 'Month Day-Day, Year' format.",243,Area inconsistency: Partial(107.0) + Totally(39.0) != Total(150.0).
2011,2011-02-05,2011-02-06,CAPIZ,JAMINDAN,RICE,FLOODING / TYPHOON / DRY SPELL,NORTHEAST MONSOON,ENHANCED NORTHEAST MONSOON,14.0,105.0,91.0,113.0,4919.58,625050.0,629969.58,"Parsed from 'Month Day-Day, Year' format.",251,Area inconsistency: Partial(14.0) + Totally(105.0) != Total(91.0).
2012,2012-12-26,2012-12-27,ILOILO,ALIMODIAN,RICE,FLOODING / TYPHOON / DRY SPELL,TROPICAL CYCLONE,TY QUINTA 2012 INDUCED FLASH FLOODING,0.0,0.0,0.0,0.0,0.0,0.0,0.0,"Parsed from 'Month Day-Day, Year' format.",310,Missing or zero Grand Total for PHP loss.
2012,,,ILOILO,ALIMODIAN,RICE,FLOODING / TYPHOON / DRY SPELL,TROPICAL CYCLONE,RAIN INDUCED LANDSLIDE,0.0,2.0,2.0,3.0,19630.0,0.0,19630.0,Invalid start month name,351,"Unparseable date: 'July 25 and 28, 2012' (Invalid start month name)"
2012,,,ILOILO,SAN JOAQUIN,RICE,FLOODING / TYPHOON / DRY SPELL,TROPICAL CYCLONE,RAIN INDUCED LANDSLIDE,0.0,2.0,2.0,4.0,0.0,44800.0,0.0,Invalid start month name,352,"Unparseable date: 'July 25 and 28, 2012' (Invalid start month name); Missing or zero Grand Total for PHP loss."
2012,,,ILOILO,JANIUAY,RICE,FLOODING / TYPHOON / DRY SPELL,TROPICAL CYCLONE,RAIN INDUCED LANDSLIDE,8.0,0.0,8.0,18.0,78520.0,0.0,0.0,Invalid start month name,353,"Unparseable date: 'July 25 and 28, 2012' (Invalid start month name); Missing or zero Grand Total for PHP loss."
2012,,,ILOILO,PAVIA,HVC,FLOODING / TYPHOON / DRY SPELL,TROPICAL CYCLONE,RAIN INDUCED LANDSLIDE,0.0,40.2,40.2,3.0,0.0,26400.0,26400.0,Invalid start month name,354,"Unparseable date: 'July 25 and 28, 2012' (Invalid start month name)"
2012,,,ILOILO,ALIMODIAN,HVC,FLOODING / TYPHOON / DRY SPELL,TROPICAL CYCLONE,RAIN INDUCED LANDSLIDE,0.0,2262.2,2262.2,25.0,0.0,627750.0,0.0,Invalid start month name,355,"Unparseable date: 'July 25 and 28, 2012' (Invalid start month name); Missing or zero Grand Total for PHP loss."
2012,,,ILOILO,TUBUNGAN,HVC,FLOODING / TYPHOON / DRY SPELL,TROPICAL CYCLONE,RAIN INDUCED LANDSLIDE,0.0,0.2,0.2,6.0,0.0,36000.0,0.0,Invalid start month name,356,"Unparseable date: 'July 25 and 28, 2012' (Invalid start month name); Missing or zero Grand Total for PHP loss."
2012,2012-07-20,2012-07-23,NEGROS OCCIDENTAL,VALLADOLID,RICE,FLOODING / TYPHOON / DRY SPELL,TROPICAL CYCLONE,TY FERDIE 2012 INDUCED FLASH FLOODING,48.0,0.0,48.0,48.0,0.0,260700.0,0.0,"Parsed from 'Month Day-Day, Year' format.",358,Missing or zero Grand Total for PHP loss.
2012,2012-03-26,2012-03-28,CAPIZ,CUARTERO,CORN,FLOODING / TYPHOON / DRY SPELL,ITCZ,ITCZ INDUCED FLASH FLOODING,75.0,20.0,90.0,120.0,60951.0,542000.0,602951.0,"Parsed from 'Month Day-Day, Year' format.",412,Area inconsistency: Partial(75.0) + Totally(20.0) != Total(90.0).
2013,2013-10-04,2013-10-06,NEGROS OCCIDENTAL,CITY OF SIPALAY,FISHERIES,FLOODING / TYPHOON / DRY SPELL,EASTERLIES,EASTERLIES INDUCED FLOODING,0.0,0.0,0.0,1.0,0.0,0.0,0.0,"Parsed from 'Month Day-Day, Year' format.",449,Missing or zero Grand Total for PHP loss.
2013,2013-10-04,2013-10-06,NEGROS OCCIDENTAL,BINALBAGAN,FISHERIES,FLOODING / TYPHOON / DRY SPELL,EASTERLIES,EASTERLIES INDUCED FLOODING,0.0,0.0,0.0,1.0,0.0,0.0,0.0,"Parsed from 'Month Day-Day, Year' format.",450,Missing or zero Grand Total for PHP loss.
2013,2013-11-08,2013-11-08,ILOILO,CALINOG,RICE,FLOODING / TYPHOON / DRY SPELL,TROPICAL CYCLONE,SUTY YOLANDA 2013 INDUCED FLOODING,1.0,25.45,25.45,65.0,116700.0,351000.0,467700.0,Parsed as a single day event.,645,Area inconsistency: Partial(1.0) + Totally(25.45) != Total(25.45).
2013,2013-11-08,2013-11-08,ILOILO,JANIUAY,CORN,FLOODING / TYPHOON / DRY SPELL,TROPICAL CYCLONE,SUTY YOLANDA 2013 INDUCED FLOODING,42.75,62.0,100.75,131.0,239211.56,1857000.0,2096211.56,Parsed as a single day event.,691,Area inconsistency: Partial(42.75) + Totally(62.0) != Total(100.75).
2013,2013-11-08,2013-11-08,ILOILO,BADIANGAN,HVC,FLOODING / TYPHOON / DRY SPELL,TROPICAL CYCLONE,SUTY YOLANDA 2013 INDUCED FLOODING,2760.0,383.0,3120.63,107.0,0.0,2996626.0,2996626.0,Parsed as a single day event.,710,Area inconsistency: Partial(2760.0) + Totally(383.0) != Total(3120.63).
2013,2013-11-08,2013-11-08,ILOILO,CALINOG,HVC,FLOODING / TYPHOON / DRY SPELL,TROPICAL CYCLONE,SUTY YOLANDA 2013 INDUCED FLOODING,163179.75,822.42,163807.17,1505.0,30000.0,40576070.0,40606070.0,Parsed as a single day event.,718,Area inconsistency: Partial(163179.75) + Totally(822.42) != Total(163807.17).
2014,2014-07-15,2014-07-15,ANTIQUE,,RICE,FLOODING / TYPHOON / DRY SPELL,TROPICAL CYCLONE,TY GLENDA 2014 INDUCED FLOODING,1430.85,1375.15,0.0,0.0,0.0,0.0,0.0,Parsed as a single day event.,869,Missing or zero Grand Total for PHP loss.
2014,2014-07-15,2014-07-15,NEGROS OCCIDENTAL,,RICE,FLOODING / TYPHOON / DRY SPELL,TROPICAL CYCLONE,TY GLENDA 2014 INDUCED FLOODING,829.34,682.49,0.0,0.0,0.0,0.0,0.0,Parsed as a single day event.,870,Missing or zero Grand Total for PHP loss.
2014,2014-07-15,2014-07-15,NEGROS OCCIDENTAL,,CORN,FLOODING / TYPHOON / DRY SPELL,TROPICAL CYCLONE,TY GLENDA 2014 INDUCED FLOODING,49.25,49.25,0.0,0.0,0.0,0.0,0.0,Parsed as a single day event.,871,Missing or zero Grand Total for PHP loss.
2014,2014-07-15,2014-07-15,NEGROS OCCIDENTAL,,HVC,FLOODING / TYPHOON / DRY SPELL,TROPICAL CYCLONE,TY GLENDA 2014 INDUCED FLOODING,12.96,12.96,0.0,0.0,0.0,0.0,0.0,Parsed as a single day event.,872,Missing or zero Grand Total for PHP loss.
2014,2014-12-07,2014-12-08,AKLAN,,RICE,FLOODING / TYPHOON / DRY SPELL,TROPICAL CYCLONE,TY RUBY 2014 INDUCED FLOODING,122.75,421.0,122.75,231.0,0.0,0.0,10412.5,"Parsed from 'Month Day-Day, Year' format.",875,Area inconsistency: Partial(122.75) + Totally(421.0) != Total(122.75).
2014,2014-12-07,2014-12-08,ANTIQUE,,RICE,FLOODING / TYPHOON / DRY SPELL,TROPICAL CYCLONE,TY RUBY 2014 INDUCED FLOODING,1208.2,5712.0,1208.2,1944.0,0.0,0.0,0.0,"Parsed from 'Month Day-Day, Year' format.",876,Missing or zero Grand Total for PHP loss.; Area inconsistency: Partial(1208.2) + Totally(5712.0) != Total(1208.2).
2014,2014-12-07,2014-12-08,CAPIZ,,RICE,FLOODING / TYPHOON / DRY SPELL,TROPICAL CYCLONE,TY RUBY 2014 INDUCED FLOODING,10607.0,26665.0,11191.0,25250.0,0.0,0.0,5956800.0,"Parsed from 'Month Day-Day, Year' format.",877,Area inconsistency: Partial(10607.0) + Totally(26665.0) != Total(11191.0).
2014,2014-12-07,2014-12-08,CAPIZ,,CORN,FLOODING / TYPHOON / DRY SPELL,TROPICAL CYCLONE,TY RUBY 2014 INDUCED FLOODING,0.0,4030.0,1270.0,3801.0,0.0,0.0,5520000.0,"Parsed from 'Month Day-Day, Year' format.",878,Area inconsistency: Partial(0.0) + Totally(4030.0) != Total(1270.0).
2014,2014-12-07,2014-12-08,CAPIZ,,HVC,FLOODING / TYPHOON / DRY SPELL,TROPICAL CYCLONE,TY RUBY 2014 INDUCED FLOODING,0.0,0.0,16020.0,0.0,0.0,0.0,0.0,"Parsed from 'Month Day-Day, Year' format.",879,Missing or zero Grand Total for PHP loss.
2014,2014-12-07,2014-12-08,NEGROS OCCIDENTAL,,CORN,FLOODING / TYPHOON / DRY SPELL,TROPICAL CYCLONE,TY RUBY 2014 INDUCED FLOODING,53.44,0.0,0.0,0.0,0.0,0.0,0.0,"Parsed from 'Month Day-Day, Year' format.",881,Missing or zero Grand Total for PHP loss.
2014,2014-12-07,2014-12-08,NEGROS OCCIDENTAL,,HVC,FLOODING / TYPHOON / DRY SPELL,TROPICAL CYCLONE,TY RUBY 2014 INDUCED FLOODING,0.0,0.0,0.0,0.0,0.0,0.0,0.0,"Parsed from 'Month Day-Day, Year' format.",882,Missing or zero Grand Total for PHP loss.
2014,2014-12-29,2014-12-29,CAPIZ,DAO,RICE,FLOODING / TYPHOON / DRY SPELL,TROPICAL CYCLONE,TY SENIANG 2014 INDUCED FLOODING,422.0,664.0,1086.0,0.0,1978800.0,33695700.0,0.0,Parsed as a single day event.,884,Missing or zero Grand Total for PHP loss.
2014,2014-12-29,2014-12-29,CAPIZ,DUMALAG,RICE,FLOODING / TYPHOON / DRY SPELL,TROPICAL CYCLONE,TY SENIANG 2014 INDUCED FLOODING,606.0,28.0,634.0,0.0,285600.0,11104400.0,0.0,Parsed as a single day event.,885,Missing or zero Grand Total for PHP loss.
2014,2014-12-29,2014-12-29,CAPIZ,DUMARAO,RICE,FLOODING / TYPHOON / DRY SPELL,TROPICAL CYCLONE,TY SENIANG 2014 INDUCED FLOODING,520.0,16.0,536.0,0.0,163200.0,8840000.0,0.0,Parsed as a single day event.,886,Missing or zero Grand Total for PHP loss.
2014,2014-12-29,2014-12-29,CAPIZ,IVISAN,RICE,FLOODING / TYPHOON / DRY SPELL,TROPICAL CYCLONE,TY SENIANG 2014 INDUCED FLOODING,35.0,4.0,39.0,0.0,40800.0,323850.0,0.0,Parsed as a single day event.,887,Missing or zero Grand Total for PHP loss.
2014,2014-12-29,2014-12-29,CAPIZ,JAMINDAN,RICE,FLOODING / TYPHOON / DRY SPELL,TROPICAL CYCLONE,TY SENIANG 2014 INDUCED FLOODING,475.0,159.0,644.0,0.0,826200.0,10399750.0,0.0,Parsed as a single day event.,888,Missing or zero Grand Total for PHP loss.; Area inconsistency: Partial(475.0) + Totally(159.0) != Total(644.0).
2014,2014-12-29,2014-12-29,CAPIZ,MA-AYON,RICE,FLOODING / TYPHOON / DRY SPELL,TROPICAL CYCLONE,TY SENIANG 2014 INDUCED FLOODING,825.0,61.0,886.0,0.0,622200.0,16851250.0,0.0,Parsed as a single day event.,889,Missing or zero Grand Total for PHP loss.
2014,2014-12-29,2014-12-29,CAPIZ,MAMBUSAO,RICE,FLOODING / TYPHOON / DRY SPELL,TROPICAL CYCLONE,TY SENIANG 2014 INDUCED FLOODING,860.0,311.0,1171.0,0.0,3172200.0,14572400.0,0.0,Parsed as a single day event.,890,Missing or zero Grand Total for PHP loss.
2014,2014-12-29,2014-12-29,CAPIZ,PANAY,RICE,FLOODING / TYPHOON / DRY SPELL,TROPICAL CYCLONE,TY SENIANG 2014 INDUCED FLOODING,55.0,566.0,621.0,0.0,571200.0,31063250.0,0.0,Parsed as a single day event.,891,Missing or zero Grand Total for PHP loss.
2014,2014-12-29,2014-12-29,CAPIZ,PANITAN,RICE,FLOODING / TYPHOON / DRY SPELL,TROPICAL CYCLONE,TY SENIANG 2014 INDUCED FLOODING,774.0,116.0,890.0,0.0,1183200.0,12919150.0,0.0,Parsed as a single day event.,892,Missing or zero Grand Total for PHP loss.
2014,2014-12-29,2014-12-29,CAPIZ,PILAR,RICE,FLOODING / TYPHOON / DRY SPELL,TROPICAL CYCLONE,TY SENIANG 2014 INDUCED FLOODING,350.0,30.0,380.0,0.0,153000.0,6063900.0,0.0,Parsed as a single day event.,893,Missing or zero Grand Total for PHP loss.
2014,2014-12-29,2014-12-29,CAPIZ,PONTEVEDRA,RICE,FLOODING / TYPHOON / DRY SPELL,TROPICAL CYCLONE,TY SENIANG 2014 INDUCED FLOODING,126.0,465.0,591.0,0.0,2244000.0,15618750.0,0.0,Parsed as a single day event.,894,Missing or zero Grand Total for PHP loss.
2014,2014-12-29,2014-12-29,CAPIZ,PRESIDENT ROXAS,RICE,FLOODING / TYPHOON / DRY SPELL,TROPICAL CYCLONE,TY SENIANG 2014 INDUCED FLOODING,33.0,4.0,37.0,0.0,40800.0,385900.0,0.0,Parsed as a single day event.,895,Missing or zero Grand Total for PHP loss.
2014,2014-12-29,2014-12-29,CAPIZ,CITY OF ROXAS,RICE,FLOODING / TYPHOON / DRY SPELL,TROPICAL CYCLONE,TY SENIANG 2014 INDUCED FLOODING,286.0,119.0,405.0,0.0,357000.0,10170250.0,0.0,Parsed as a single day event.,896,Missing or zero Grand Total for PHP loss.
2014,2014-12-29,2014-12-29,CAPIZ,SAPIAN,RICE,FLOODING / TYPHOON / DRY SPELL,TROPICAL CYCLONE,TY SENIANG 2014 INDUCED FLOODING,20.0,42.0,62.0,0.0,428400.0,267750.0,0.0,Parsed as a single day event.,897,Missing or zero Grand Total for PHP loss.
2014,2014-12-29,2014-12-29,CAPIZ,SIGMA,RICE,FLOODING / TYPHOON / DRY SPELL,TROPICAL CYCLONE,TY SENIANG 2014 INDUCED FLOODING,328.0,1028.0,1356.0,0.0,5640600.0,30488650.0,0.0,Parsed as a single day event.,898,Missing or zero Grand Total for PHP loss.
2014,2014-12-29,2014-12-29,CAPIZ,TAPAZ,RICE,FLOODING / TYPHOON / DRY SPELL,TROPICAL CYCLONE,TY SENIANG 2014 INDUCED FLOODING,713.0,80.0,793.0,0.0,816000.0,8035050.0,0.0,Parsed as a single day event.,899,Missing or zero Grand Total for PHP loss.
2014,2014-12-29,2014-12-29,CAPIZ,CUARTERO,CORN,FLOODING / TYPHOON / DRY SPELL,TROPICAL CYCLONE,TY SENIANG 2014 INDUCED FLOODING,40.0,0.0,55.0,15.0,0.0,1476000.0,3586894.74,Parsed as a single day event.,900,Area inconsistency: Partial(40.0) + Totally(0.0) != Total(55.0).
2014,2014-12-29,2014-12-29,CAPIZ,PONTEVEDRA,CORN,FLOODING / TYPHOON / DRY SPELL,TROPICAL CYCLONE,TY SENIANG 2014 INDUCED FLOODING,105.0,189473.68,105.0,0.0,189473.68,1404000.0,0.0,Parsed as a single day event.,901,Missing or zero Grand Total for PHP loss.; Area inconsistency: Partial(105.0) + Totally(189473.68) != Total(105.0).
2014,2014-12-29,2014-12-29,CAPIZ,JAMINDAN,CORN,FLOODING / TYPHOON / DRY SPELL,TROPICAL CYCLONE,TY SENIANG 2014 INDUCED FLOODING,45.0,0.0,80.0,35.0,0.0,2379000.0,0.0,Parsed as a single day event.,902,Missing or zero Grand Total for PHP loss.; Area inconsistency: Partial(45.0) + Totally(0.0) != Total(80.0).
2014,2014-12-29,2014-12-29,CAPIZ,DUMARAO,CORN,FLOODING / TYPHOON / DRY SPELL,TROPICAL CYCLONE,TY SENIANG 2014 INDUCED FLOODING,150.0,663157.89,150.0,0.0,663157.89,0.0,0.0,Parsed as a single day event.,903,Missing or zero Grand Total for PHP loss.; Area inconsistency: Partial(150.0) + Totally(663157.89) != Total(150.0).
2014,2014-12-29,2014-12-29,CAPIZ,DUMALAG,CORN,FLOODING / TYPHOON / DRY SPELL,TROPICAL CYCLONE,TY SENIANG 2014 INDUCED FLOODING,50.0,236842.11,50.0,0.0,236842.11,0.0,0.0,Parsed as a single day event.,904,Missing or zero Grand Total for PHP loss.; Area inconsistency: Partial(50.0) + Totally(236842.11) != Total(50.0).
2014,2014-12-29,2014-12-29,CAPIZ,MA-AYON,CORN,FLOODING / TYPHOON / DRY SPELL,TROPICAL CYCLONE,TY SENIANG 2014 INDUCED FLOODING,246.0,1242947.37,246.0,0.0,1242947.37,0.0,0.0,Parsed as a single day event.,905,Missing or zero Grand Total for PHP loss.; Area inconsistency: Partial(246.0) + Totally(1242947.37) != Total(246.0).
2014,2014-12-29,2014-12-29,CAPIZ,SIGMA,CORN,FLOODING / TYPHOON / DRY SPELL,TROPICAL CYCLONE,TY SENIANG 2014 INDUCED FLOODING,15.0,71052.63,15.0,0.0,71052.63,0.0,0.0,Parsed as a single day event.,906,Missing or zero Grand Total for PHP loss.; Area inconsistency: Partial(15.0) + Totally(71052.63) != Total(15.0).
2014,2014-12-29,2014-12-29,CAPIZ,PANITAN,CORN,FLOODING / TYPHOON / DRY SPELL,TROPICAL CYCLONE,TY SENIANG 2014 INDUCED FLOODING,20.0,107368.42,20.0,0.0,107368.42,0.0,0.0,Parsed as a single day event.,907,Missing or zero Grand Total for PHP loss.; Area inconsistency: Partial(20.0) + Totally(107368.42) != Total(20.0).
2014,2014-12-29,2014-12-29,CAPIZ,DAO,CORN,FLOODING / TYPHOON / DRY SPELL,TROPICAL CYCLONE,TY SENIANG 2014 INDUCED FLOODING,85.0,469736.84,85.0,0.0,469736.84,0.0,0.0,Parsed as a single day event.,908,Missing or zero Grand Total for PHP loss.; Area inconsistency: Partial(85.0) + Totally(469736.84) != Total(85.0).
2014,2014-12-29,2014-12-29,CAPIZ,TAPAZ,CORN,FLOODING / TYPHOON / DRY SPELL,TROPICAL CYCLONE,TY SENIANG 2014 INDUCED FLOODING,128.0,606315.79,128.0,0.0,606315.79,0.0,0.0,Parsed as a single day event.,909,Missing or zero Grand Total for PHP loss.; Area inconsistency: Partial(128.0) + Totally(606315.79) != Total(128.0).
2014,2014-12-29,2014-12-29,ILOILO,BANATE,RICE,FLOODING / TYPHOON / DRY SPELL,TROPICAL CYCLONE,TY SENIANG 2014 INDUCED FLOODING,120.0,0.0,120.0,107.0,0.0,5263200.0,0.0,Parsed as a single day event.,911,Missing or zero Grand Total for PHP loss.
2014,2014-12-29,2014-12-29,ILOILO,SAN RAFAEL,RICE,FLOODING / TYPHOON / DRY SPELL,TROPICAL CYCLONE,TY SENIANG 2014 INDUCED FLOODING,285.0,0.0,285.0,254.0,0.0,5087250.0,0.0,Parsed as a single day event.,912,Missing or zero Grand Total for PHP loss.
2014,2014-12-29,2014-12-29,ILOILO,CARLES,RICE,FLOODING / TYPHOON / DRY SPELL,TROPICAL CYCLONE,TY SENIANG 2014 INDUCED FLOODING,20.0,0.0,20.0,18.0,0.0,120000.0,0.0,Parsed as a single day event.,913,Missing or zero Grand Total for PHP loss.
2014,2014-12-29,2014-12-29,ILOILO,BALASAN,RICE,FLOODING / TYPHOON / DRY SPELL,TROPICAL CYCLONE,TY SENIANG 2014 INDUCED FLOODING,40.0,0.0,40.0,36.0,0.0,1689600.0,0.0,Parsed as a single day event.,914,Missing or zero Grand Total for PHP loss.
2014,2014-12-29,2014-12-29,ILOILO,SAN ENRIQUE,RICE,FLOODING / TYPHOON / DRY SPELL,TROPICAL CYCLONE,TY SENIANG 2014 INDUCED FLOODING,77.5,0.0,77.5,78.0,5130.0,1249568.0,0.0,Parsed as a single day event.,915,Missing or zero Grand Total for PHP loss.
2014,2014-12-29,2014-12-29,ILOILO,CABATUAN,RICE,FLOODING / TYPHOON / DRY SPELL,TROPICAL CYCLONE,TY SENIANG 2014 INDUCED FLOODING,5.0,0.0,5.0,5.0,0.0,100000.0,0.0,Parsed as a single day event.,916,Missing or zero Grand Total for PHP loss.
2014,2014-12-29,2014-12-29,ILOILO,BATAD,RICE,FLOODING / TYPHOON / DRY SPELL,TROPICAL CYCLONE,TY SENIANG 2014 INDUCED FLOODING,17.0,0.0,17.0,17.0,2180.0,97240.0,0.0,Parsed as a single day event.,917,Missing or zero Grand Total for PHP loss.
2014,2014-12-29,2014-12-29,NEGROS OCCIDENTAL,CITY OF CADIZ,RICE,FLOODING / TYPHOON / DRY SPELL,TROPICAL CYCLONE,TY SENIANG 2014 INDUCED FLOODING,2.1,42.65,44.75,0.0,526904.0,0.0,0.0,Parsed as a single day event.,920,Missing or zero Grand Total for PHP loss.
2014,2014-12-29,2014-12-29,NEGROS OCCIDENTAL,CAUAYAN,RICE,FLOODING / TYPHOON / DRY SPELL,TROPICAL CYCLONE,TY SENIANG 2014 INDUCED FLOODING,2.0,3.0,5.0,0.0,0.0,217600.0,0.0,Parsed as a single day event.,921,Missing or zero Grand Total for PHP loss.
2014,2014-12-29,2014-12-29,NEGROS OCCIDENTAL,CITY OF SIPALAY,RICE,FLOODING / TYPHOON / DRY SPELL,TROPICAL CYCLONE,TY SENIANG 2014 INDUCED FLOODING,20.0,0.0,20.0,0.0,0.0,272000.0,0.0,Parsed as a single day event.,922,Missing or zero Grand Total for PHP loss.
2014,2014-12-29,2014-12-29,NEGROS OCCIDENTAL,ILOG,RICE,FLOODING / TYPHOON / DRY SPELL,TROPICAL CYCLONE,TY SENIANG 2014 INDUCED FLOODING,50.0,0.0,50.0,0.0,179984.0,680000.0,0.0,Parsed as a single day event.,923,Missing or zero Grand Total for PHP loss.
2014,2014-12-29,2014-12-29,NEGROS OCCIDENTAL,SAN ENRIQUE,RICE,FLOODING / TYPHOON / DRY SPELL,TROPICAL CYCLONE,TY SENIANG 2014 INDUCED FLOODING,325.95,0.0,325.95,0.0,736806.0,3717832.0,0.0,Parsed as a single day event.,924,Missing or zero Grand Total for PHP loss.
2014,2014-12-29,2014-12-29,NEGROS OCCIDENTAL,ISABELA,RICE,FLOODING / TYPHOON / DRY SPELL,TROPICAL CYCLONE,TY SENIANG 2014 INDUCED FLOODING,20.0,0.0,20.0,0.0,90000.0,510000.0,0.0,Parsed as a single day event.,925,Missing or zero Grand Total for PHP loss.
2014,2014-12-29,2014-12-29,NEGROS OCCIDENTAL,BINALBAGAN,RICE,FLOODING / TYPHOON / DRY SPELL,TROPICAL CYCLONE,TY SENIANG 2014 INDUCED FLOODING,59.0,0.0,59.0,0.0,117010.33,420849.6,0.0,Parsed as a single day event.,926,Missing or zero Grand Total for PHP loss.
2014,2014-12-29,2014-12-29,NEGROS OCCIDENTAL,HINIGARAN,RICE,FLOODING / TYPHOON / DRY SPELL,TROPICAL CYCLONE,TY SENIANG 2014 INDUCED FLOODING,856.96,0.0,856.96,0.0,2044932.0,8000128.0,0.0,Parsed as a single day event.,927,Missing or zero Grand Total for PHP loss.
2014,2014-12-29,2014-12-29,NEGROS OCCIDENTAL,PULUPANDAN,RICE,FLOODING / TYPHOON / DRY SPELL,TROPICAL CYCLONE,TY SENIANG 2014 INDUCED FLOODING,38.25,2.5,40.75,0.0,45600.0,822400.0,0.0,Parsed as a single day event.,928,Missing or zero Grand Total for PHP loss.
2014,2014-12-29,2014-12-29,NEGROS OCCIDENTAL,VALLADOLID,RICE,FLOODING / TYPHOON / DRY SPELL,TROPICAL CYCLONE,TY SENIANG 2014 INDUCED FLOODING,338.02,0.0,338.02,0.0,549487.41,1745408.0,0.0,Parsed as a single day event.,929,Missing or zero Grand Total for PHP loss.
2014,2014-12-29,2014-12-29,NEGROS OCCIDENTAL,ENRIQUE B. MAGALONA,RICE,FLOODING / TYPHOON / DRY SPELL,TROPICAL CYCLONE,TY SENIANG 2014 INDUCED FLOODING,20.15,0.65,20.8,0.0,41400.0,253600.0,0.0,Parsed as a single day event.,930,Missing or zero Grand Total for PHP loss.
2014,2014-12-29,2014-12-29,NEGROS OCCIDENTAL,CITY OF SAN CARLOS,RICE,FLOODING / TYPHOON / DRY SPELL,TROPICAL CYCLONE,TY SENIANG 2014 INDUCED FLOODING,30.25,0.0,30.25,0.0,0.0,1733400.0,0.0,Parsed as a single day event.,931,Missing or zero Grand Total for PHP loss.
2014,2014-12-29,2014-12-29,NEGROS OCCIDENTAL,HINOBA-AN,RICE,FLOODING / TYPHOON / DRY SPELL,TROPICAL CYCLONE,TY SENIANG 2014 INDUCED FLOODING,113.0,0.0,113.0,0.0,0.0,2408400.0,0.0,Parsed as a single day event.,932,Missing or zero Grand Total for PHP loss.
2014,2014-12-29,2014-12-29,NEGROS OCCIDENTAL,CITY OF VICTORIAS,RICE,FLOODING / TYPHOON / DRY SPELL,TROPICAL CYCLONE,TY SENIANG 2014 INDUCED FLOODING,69.95,0.0,69.95,0.0,308610.0,2332400.0,0.0,Parsed as a single day event.,933,Missing or zero Grand Total for PHP loss.
2014,2014-12-29,2014-12-29,NEGROS OCCIDENTAL,CAUAYAN,CORN,FLOODING / TYPHOON / DRY SPELL,TROPICAL CYCLONE,TY SENIANG 2014 INDUCED FLOODING,5.6,0.0,5.6,0.0,0.0,63000.0,0.0,Parsed as a single day event.,935,Missing or zero Grand Total for PHP loss.
2014,2014-12-29,2014-12-29,NEGROS OCCIDENTAL,CITY OF HIMAMAYLAN,CORN,FLOODING / TYPHOON / DRY SPELL,TROPICAL CYCLONE,TY SENIANG 2014 INDUCED FLOODING,0.0,1.0,1.0,0.0,0.0,45000.0,0.0,Parsed as a single day event.,936,Missing or zero Grand Total for PHP loss.
2014,2014-12-29,2014-12-29,NEGROS OCCIDENTAL,CADIZ,CORN,FLOODING / TYPHOON / DRY SPELL,TROPICAL CYCLONE,TY SENIANG 2014 INDUCED FLOODING,0.0,1.0,1.0,0.0,12000.0,0.0,0.0,Parsed as a single day event.,937,Missing or zero Grand Total for PHP loss.
2014,2014-12-29,2014-12-29,NEGROS OCCIDENTAL,HINIGARAN,CORN,FLOODING / TYPHOON / DRY SPELL,TROPICAL CYCLONE,TY SENIANG 2014 INDUCED FLOODING,0.3,0.0,0.3,0.0,1350.0,0.0,0.0,Parsed as a single day event.,938,Missing or zero Grand Total for PHP loss.
2014,2014-12-29,2014-12-29,NEGROS OCCIDENTAL,CITY OF SIPALAY,HVC,FLOODING / TYPHOON / DRY SPELL,TROPICAL CYCLONE,TY SENIANG 2014 INDUCED FLOODING,15000.0,0.0,15000.0,0.0,0.0,337500.0,0.0,Parsed as a single day event.,939,Missing or zero Grand Total for PHP loss.
2014,2014-12-29,2014-12-29,NEGROS OCCIDENTAL,CITY OF HIMAMAYLAN,HVC,FLOODING / TYPHOON / DRY SPELL,TROPICAL CYCLONE,TY SENIANG 2014 INDUCED FLOODING,50.0,75.0,125.0,0.0,0.0,65000.0,0.0,Parsed as a single day event.,940,Missing or zero Grand Total for PHP loss.
2014,2014-12-29,2014-12-29,NEGROS OCCIDENTAL,CITY OF VICTORIAS,HVC,FLOODING / TYPHOON / DRY SPELL,TROPICAL CYCLONE,TY SENIANG 2014 INDUCED FLOODING,0.0,175.0,175.0,0.0,0.0,105000.0,0.0,Parsed as a single day event.,941,Missing or zero Grand Total for PHP loss.
2014,2014-12-29,2014-12-29,NEGROS OCCIDENTAL,CADIZ,HVC,FLOODING / TYPHOON / DRY SPELL,TROPICAL CYCLONE,TY SENIANG 2014 INDUCED FLOODING,124.79,0.0,124.79,0.0,0.0,1399448.0,0.0,Parsed as a single day event.,942,Missing or zero Grand Total for PHP loss.
2014,2014-12-29,2014-12-29,NEGROS OCCIDENTAL,HINIGARAN,HVC,FLOODING / TYPHOON / DRY SPELL,TROPICAL CYCLONE,TY SENIANG 2014 INDUCED FLOODING,4.8,4.85,9.65,0.0,0.0,1280150.0,0.0,Parsed as a single day event.,943,Missing or zero Grand Total for PHP loss.
2014,2014-12-29,2014-12-29,NEGROS OCCIDENTAL,VALLADOLID,HVC,FLOODING / TYPHOON / DRY SPELL,TROPICAL CYCLONE,TY SENIANG 2014 INDUCED FLOODING,5.0,0.0,5.0,0.0,0.0,220900.0,0.0,Parsed as a single day event.,944,Missing or zero Grand Total for PHP loss.
2014,2014-12-29,2014-12-29,NEGROS OCCIDENTAL,PULUPANDAN,HVC,FLOODING / TYPHOON / DRY SPELL,TROPICAL CYCLONE,TY SENIANG 2014 INDUCED FLOODING,2.65,7.89,10.54,0.0,0.0,1815725.0,0.0,Parsed as a single day event.,945,Missing or zero Grand Total for PHP loss.
2017,2017-12-31,2018-01-01,CAPIZ,TAPAZ,RICE,FLOODING / TYPHOON / DRY SPELL,TROPICAL CYCLONE,TD AGATON 2017 INDUCED FLOODING,47.62,4.8,52.419999999999995,61.0,0.0,0.0,0.0,Parsed as a standard date range.,1129,Missing or zero Grand Total for PHP loss.
2017,2017-12-31,2018-01-01,CAPIZ,IVISAN,RICE,FLOODING / TYPHOON / DRY SPELL,TROPICAL CYCLONE,TD AGATON 2017 INDUCED FLOODING,58.0,0.0,58.0,79.0,0.0,0.0,0.0,Parsed as a standard date range.,1132,Missing or zero Grand Total for PHP loss.
2017,2017-12-31,2018-01-01,CAPIZ,DAO,RICE,FLOODING / TYPHOON / DRY SPELL,TROPICAL CYCLONE,TD AGATON 2017 INDUCED FLOODING,0.0,2715.0,2715.0,3165.0,0.0,0.0,0.0,Parsed as a standard date range.,1134,Missing or zero Grand Total for PHP loss.
2017,2017-12-31,2018-01-01,CAPIZ,MA-AYON,RICE,FLOODING / TYPHOON / DRY SPELL,TROPICAL CYCLONE,TD AGATON 2017 INDUCED FLOODING,487.0,1135.0,1622.0,1290.0,0.0,0.0,0.0,Parsed as a standard date range.,1139,Missing or zero Grand Total for PHP loss.
2019,2019-12-24,2019-12-26,GUIMARAS,,COCONUT,FLOODING / TYPHOON / DRY SPELL,TROPICAL CYCLONE,TY URSULA 2019 INDUCED FLOODING,0.0,0.0,0.0,0.0,0.0,0.0,0.0,"Parsed from 'Month Day-Day, Year' format.",1579,Missing or zero Grand Total for PHP loss.
2019,2019-12-24,2019-12-26,NEGROS OCCIDENTAL,DON SALVADOR BENEDICTO,COCONUT,FLOODING / TYPHOON / DRY SPELL,TROPICAL CYCLONE,TY URSULA 2019 INDUCED FLOODING,0.0,0.0,0.0,0.0,0.0,0.0,0.0,"Parsed from 'Month Day-Day, Year' format.",1657,Missing or zero Grand Total for PHP loss.
2019,2019-12-24,2019-12-26,NEGROS OCCIDENTAL,CADIZ,COCONUT,FLOODING / TYPHOON / DRY SPELL,TROPICAL CYCLONE,TY URSULA 2019 INDUCED FLOODING,0.0,0.0,0.0,0.0,0.0,0.0,0.0,"Parsed from 'Month Day-Day, Year' format.",1661,Missing or zero Grand Total for PHP loss.
2019,2019-12-24,2019-12-26,NEGROS OCCIDENTAL,LA CASTELLANA,COCONUT,FLOODING / TYPHOON / DRY SPELL,TROPICAL CYCLONE,TY URSULA 2019 INDUCED FLOODING,0.0,0.0,0.0,0.0,0.0,0.0,0.0,"Parsed from 'Month Day-Day, Year' format.",1673,Missing or zero Grand Total for PHP loss.
2020,2020-08-08,2020-08-10,ANTIQUE,TIBIAO,RICE,FLOODING / TYPHOON / DRY SPELL,SOUTHWEST MONSOON,ENHANCED SOUTHWEST MONSOON,8.05,0.0,8.05,14.0,0.0,52325.0,0.0,"Parsed from 'Month Day-Day, Year' format.",1679,Missing or zero Grand Total for PHP loss.
2020,2020-08-08,2020-08-10,ANTIQUE,HAMTIC,RICE,FLOODING / TYPHOON / DRY SPELL,SOUTHWEST MONSOON,ENHANCED SOUTHWEST MONSOON,28.12,0.0,28.12,37.0,0.0,744672.0,0.0,"Parsed from 'Month Day-Day, Year' format.",1680,Missing or zero Grand Total for PHP loss.
2020,2020-09-14,2020-09-14,ILOILO,DINGLE,RICE,FLOODING / TYPHOON / DRY SPELL,TROPICAL CYCLONE,TS LEON 2020 INDUCED FLOODING,197.5,1.75,199.5,226.0,43750.0,4021030.0,4064780.0,Parsed from a native Excel date format.,1704,Area inconsistency: Partial(197.5) + Totally(1.75) != Total(199.5).
2020,2020-10-23,2020-10-26,ILOILO,DINGLE,RICE,FLOODING / TYPHOON / DRY SPELL,TROPICAL CYCLONE,TY QUINTA 2020 INDUCED FLOODING,168.85,201.35,210.1,452.0,4112251.31,0.0,4112251.31,"Parsed from 'Month Day-Day, Year' format.",1745,Area inconsistency: Partial(168.85) + Totally(201.35) != Total(210.1).
2020,2020-10-23,2020-10-26,NEGROS OCCIDENTAL,HINIGARAN,RICE,FLOODING / TYPHOON / DRY SPELL,TROPICAL CYCLONE,TY QUINTA 2020 INDUCED FLOODING,0.0,5.8,283.37,325.0,3307535.0,200096.0,3507631.0,"Parsed from 'Month Day-Day, Year' format.",1785,Area inconsistency: Partial(0.0) + Totally(5.8) != Total(283.37).
2020,2020-12-02,2020-12-02,ILOILO,BANATE,RICE,FLOODING / TYPHOON / DRY SPELL,ITCZ,FRONTAL SYSTEM (TAIL-END) INDUCED FLOODING,77.0,0.0,80.71,69.0,209023.9,1846910.0,2055933.9,Parsed from a native Excel date format.,1788,Area inconsistency: Partial(77.0) + Totally(0.0) != Total(80.71).
2021,2021-01-08,2021-01-18,CAPIZ,PANITAN,CORN,FLOODING / TYPHOON / DRY SPELL,ITCZ,FRONTAL SYSTEM (TAIL-END) INDUCED FLASH FLOODING,40.0,0.0,40.0,0.0,600000.0,0.0,0.0,"Parsed from 'Month Day-Day, Year' format.",1824,Missing or zero Grand Total for PHP loss.
2021,2021-01-08,2021-01-18,NEGROS OCCIDENTAL,CITY OF TALISAY,FISHERIES (AQUACULTURE),FLOODING / TYPHOON / DRY SPELL,ITCZ,FRONTAL SYSTEM (TAIL-END) INDUCED FLASH FLOODING,0.0,0.0,0.0,0.0,0.0,0.0,0.0,"Parsed from 'Month Day-Day, Year' format.",1846,Missing or zero Grand Total for PHP loss.
2021,2021-01-08,2021-01-18,NEGROS OCCIDENTAL,CITY OF VICTORIAS,FISHERIES (AQUACULTURE),FLOODING / TYPHOON / DRY SPELL,ITCZ,FRONTAL SYSTEM (TAIL-END) INDUCED FLASH FLOODING,0.0,0.0,0.0,0.0,0.0,0.0,0.0,"Parsed from 'Month Day-Day, Year' format.",1849,Missing or zero Grand Total for PHP loss.
2021,2021-07-01,2021-08-31,ILOILO,JANIUAY,RICE,FLOODING / TYPHOON / DRY SPELL,DRY SPELL,LOCALIZED DRY SPELL,1391.67,1.0,1391.67,1814.0,1800681.5,26527188.8,28327870.3,Parsed from month-only range; assumed full month coverage.,1938,Area inconsistency: Partial(1391.67) + Totally(1.0) != Total(1391.67).
2021,2021-09-06,2021-09-08,AKLAN,MALAY,RICE,FLOODING / TYPHOON / DRY SPELL,TROPICAL CYCLONE,TY JOLINA 2021 INDUCED FLOODING,6.52,2.43,5.13,18.0,0.0,295394.4,295394.4,"Parsed from 'Month Day-Day, Year' format.",1965,Area inconsistency: Partial(6.52) + Totally(2.43) != Total(5.13).
2021,2021-12-16,2021-12-18,AKLAN,TANGALAN,COCONUT,FLOODING / TYPHOON / DRY SPELL,TROPICAL CYCLONE,TY ODETTE 2021 INDUCED FLOODING,0.72027972027972,0.0,0.72027972027972,0.0,0.0,0.0,0.0,"Parsed from 'Month Day-Day, Year' format.",2408,Missing or zero Grand Total for PHP loss.
2021,2021-12-16,2021-12-18,ANTIQUE,SAN JOSE,COCONUT,FLOODING / TYPHOON / DRY SPELL,TROPICAL CYCLONE,TY ODETTE 2021 INDUCED FLOODING,1.3986013986014,0.0,1.3986013986014,0.0,0.0,0.0,0.0,"Parsed from 'Month Day-Day, Year' format.",2414,Missing or zero Grand Total for PHP loss.
2021,2021-12-16,2021-12-18,ANTIQUE,SIBALOM,COCONUT,FLOODING / TYPHOON / DRY SPELL,TROPICAL CYCLONE,TY ODETTE 2021 INDUCED FLOODING,1.3986013986014,0.0,1.3986013986014,0.0,0.0,0.0,0.0,"Parsed from 'Month Day-Day, Year' format.",2416,Missing or zero Grand Total for PHP loss.
2021,2021-12-16,2021-12-18,ANTIQUE,TIBIAO,COCONUT,FLOODING / TYPHOON / DRY SPELL,TROPICAL CYCLONE,TY ODETTE 2021 INDUCED FLOODING,0.755244755244755,0.0,0.755244755244755,0.0,0.0,0.0,0.0,"Parsed from 'Month Day-Day, Year' format.",2417,Missing or zero Grand Total for PHP loss.
2021,2021-12-16,2021-12-18,ANTIQUE,TOBIAS FORNIER,COCONUT,FLOODING / TYPHOON / DRY SPELL,TROPICAL CYCLONE,TY ODETTE 2021 INDUCED FLOODING,1.74825174825175,0.0,1.74825174825175,0.0,0.0,0.0,0.0,"Parsed from 'Month Day-Day, Year' format.",2418,Missing or zero Grand Total for PHP loss.
2021,2021-12-16,2021-12-18,ILOILO,ESTANCIA,FISHERIES (CAPTURE FISHERIES),FLOODING / TYPHOON / DRY SPELL,TROPICAL CYCLONE,TY ODETTE 2021 INDUCED FLOODING,0.0,0.0,103.0,103.0,0.0,0.0,0.0,"Parsed from 'Month Day-Day, Year' format.",2472,Missing or zero Grand Total for PHP loss.
2022,2022-04-09,2022-04-13,AKLAN,KALIBO,FISHERIES,FLOODING / TYPHOON / DRY SPELL,TROPICAL CYCLONE,TD AGATON 2022 INDUCED FLOODING,0.0,0.0,0.0,20.0,0.0,0.0,0.0,"Parsed from 'Month Day-Day, Year' format.",2590,Missing or zero Grand Total for PHP loss.
2022,2022-04-09,2022-04-13,ILOILO,SAN DIONISIO,FISHERIES,FLOODING / TYPHOON / DRY SPELL,TROPICAL CYCLONE,TD AGATON 2022 INDUCED FLOODING,0.0,0.0,121.6,9.0,0.0,0.0,0.0,"Parsed from 'Month Day-Day, Year' format.",2817,Missing or zero Grand Total for PHP loss.
2022,2022-10-01,2022-12-31,GUIMARAS,BUENAVISTA,LIVESTOCK AND POULTRY,DISEASE,SWINE FEVER,AFRICAN SWINE FEVER (DEPOPULATED),0.0,0.0,21.0,10.0,0.0,0.0,0.0,Start date assumed as 1st of month. End date assumed as last day of month.,2883,Missing or zero Grand Total for PHP loss.
2023,2023-01-01,2023-11-10,GUIMARAS,BUENAVISTA,LIVESTOCK AND POULTRY,DISEASE,SWINE FEVER,AFRICAN SWINE FEVER (DEPOPULATED),0.0,0.0,117.0,10.0,0.0,0.0,0.0,Parsed as a standard date range.,2948,Missing or zero Grand Total for PHP loss.
2022,2022-10-26,2022-10-30,GUIMARAS,BUENAVISTA,HVC,FLOODING / TYPHOON / DRY SPELL,TROPICAL CYCLONE,STS PAENG 2022 (TROUGH) INDUCED FLOODING,0.24,0.03,0.26,15.0,1680.0,157625.0,159305.0,"Parsed from 'Month Day-Day, Year' format.",3199,Area inconsistency: Partial(0.24) + Totally(0.03) != Total(0.26).
2022,2022-10-26,2022-10-30,NEGROS OCCIDENTAL,CALATRAVA,FISHERIES (AQUACULTURE),FLOODING / TYPHOON / DRY SPELL,TROPICAL CYCLONE,STS PAENG 2022 (TROUGH) INDUCED FLOODING,0.0,0.0,0.0,1.0,0.0,0.0,0.0,"Parsed from 'Month Day-Day, Year' format.",3407,Missing or zero Grand Total for PHP loss.
2022,2022-10-26,2022-10-30,NEGROS OCCIDENTAL,SAN ENRIQUE,FISHERIES (AQUACULTURE),FLOODING / TYPHOON / DRY SPELL,TROPICAL CYCLONE,STS PAENG 2022 (TROUGH) INDUCED FLOODING,0.0,0.0,0.0,4.0,0.0,0.0,0.0,"Parsed from 'Month Day-Day, Year' format.",3416,Missing or zero Grand Total for PHP loss.
2022,2022-10-26,2022-10-30,ILOILO,CONCEPCION,FISHERIES (CAPTURE FISHERIES),FLOODING / TYPHOON / DRY SPELL,TROPICAL CYCLONE,STS PAENG 2022 (TROUGH) INDUCED FLOODING,0.0,0.0,10.0,10.0,0.0,0.0,0.0,"Parsed from 'Month Day-Day, Year' format.",3462,Missing or zero Grand Total for PHP loss.
2022,2022-10-26,2022-10-30,NEGROS OCCIDENTAL,HINOBA-AN,FISHERIES (CAPTURE FISHERIES),FLOODING / TYPHOON / DRY SPELL,TROPICAL CYCLONE,STS PAENG 2022 (TROUGH) INDUCED FLOODING,0.0,0.0,44.0,44.0,0.0,0.0,0.0,"Parsed from 'Month Day-Day, Year' format.",3481,Missing or zero Grand Total for PHP loss.
2022,2022-10-26,2022-10-30,NEGROS OCCIDENTAL,SAN ENRIQUE,FISHERIES (CAPTURE FISHERIES),FLOODING / TYPHOON / DRY SPELL,TROPICAL CYCLONE,STS PAENG 2022 (TROUGH) INDUCED FLOODING,0.0,0.0,5.0,5.0,0.0,0.0,0.0,"Parsed from 'Month Day-Day, Year' format.",3487,Missing or zero Grand Total for PHP loss.
2023,2023-07-24,2023-07-26,ILOILO,CITY OF ILOILO,HVC,FLOODING / TYPHOON / DRY SPELL,SOUTHWEST MONSOON,SOUTHWEST MONSOON/TY EGAY 2023 (TROUGH) INDUCED FLOODING,0.49,6.91,7.39,98.0,370545.0,333750.0,704295.0,"Parsed from 'Month Day-Day, Year' format.",3690,Area inconsistency: Partial(0.49) + Totally(6.91) != Total(7.39).
2023,2023-10-05,2024-06-05,CAPIZ,DUMALAG,RICE,FLOODING / TYPHOON / DRY SPELL,DRY SPELL,LOCALIZED DRY SPELL,171.0,325.0,496.85,576.0,0.0,42554968.0,42554968.0,Parsed as a standard date range.,3995,Area inconsistency: Partial(171.0) + Totally(325.0) != Total(496.85).
2023,2023-10-05,2024-06-05,AKLAN,BURUANGA,FISHERIES (AQUACULTURE),FLOODING / TYPHOON / DRY SPELL,DRY SPELL,LOCALIZED DRY SPELL,0.0,0.0,1.34,25.0,0.0,0.0,0.0,Parsed as a standard date range.,4206,Missing or zero Grand Total for PHP loss.
2023,2023-10-05,2024-06-05,ANTIQUE,LAUA-AN,FISHERIES (AQUACULTURE),FLOODING / TYPHOON / DRY SPELL,DRY SPELL,LOCALIZED DRY SPELL,0.0,0.0,0.0,96.0,0.0,0.0,0.0,Parsed as a standard date range.,4213,Missing or zero Grand Total for PHP loss.
2023,2023-10-05,2024-06-05,GUIMARAS,NUEVA VALENCIA,FISHERIES (AQUACULTURE),FLOODING / TYPHOON / DRY SPELL,DRY SPELL,LOCALIZED DRY SPELL,0.0,0.0,9.25,6.0,0.0,0.0,0.0,Parsed as a standard date range.,4227,Missing or zero Grand Total for PHP loss.
2024,,,NEGROS OCCIDENTAL,LA CASTELLANA,RICE,KANLAON,VOLCANIC ACTIVITIES,MT. KANLAON,150.06,39.79,189.85,294.0,1449689.5,7191078.34,8640767.84,Invalid end month name,4260,"Unparseable date: 'June 3, 2024-Present' (Invalid end month name)"
2024,,,NEGROS OCCIDENTAL,LA CASTELLANA,CORN,KANLAON,VOLCANIC ACTIVITIES,MT. KANLAON,15.95,24.35,45.34,129.0,999360.71,0.0,999360.71,Invalid end month name,4261,"Unparseable date: 'June 3, 2024-Present' (Invalid end month name); Area inconsistency: Partial(15.95) + Totally(24.35) != Total(45.34)."
2024,,,NEGROS OCCIDENTAL,CITY OF LA CARLOTA,CORN,KANLAON,VOLCANIC ACTIVITIES,MT. KANLAON,0.0,2.52,2.52,21.0,50400.0,0.0,50400.0,Invalid end month name,4262,"Unparseable date: 'June 3, 2024-Present' (Invalid end month name)"
2024,,,NEGROS OCCIDENTAL,LA CASTELLANA,HVC,KANLAON,VOLCANIC ACTIVITIES,MT. KANLAON,730.38,195.46,925.84,1138.0,2917200.0,177849315.0,180766515.0,Invalid end month name,4263,"Unparseable date: 'June 3, 2024-Present' (Invalid end month name)"
2024,,,NEGROS OCCIDENTAL,CITY OF BAGO,HVC,KANLAON,VOLCANIC ACTIVITIES,MT. KANLAON,94.0,0.0,94.0,137.0,4500.0,14257575.0,14262075.0,Invalid end month name,4264,"Unparseable date: 'June 3, 2024-Present' (Invalid end month name)"
2024,,,NEGROS OCCIDENTAL,CITY OF LA CARLOTA,HVC,KANLAON,VOLCANIC ACTIVITIES,MT. KANLAON,197.4,0.0,197.4,429.0,2498000.0,5955600.0,8453600.0,Invalid end month name,4265,"Unparseable date: 'June 3, 2024-Present' (Invalid end month name)"
2024,,,NEGROS OCCIDENTAL,LA CASTELLANA,CASSAVA,KANLAON,VOLCANIC ACTIVITIES,MT. KANLAON,17.93,0.0,17.93,22.0,152500.0,674100.0,826600.0,Invalid end month name,4266,"Unparseable date: 'June 3, 2024-Present' (Invalid end month name)"
2024,,,NEGROS OCCIDENTAL,CITY OF BAGO,CASSAVA,KANLAON,VOLCANIC ACTIVITIES,MT. KANLAON,1.1,0.0,1.1,2.0,1500.0,45000.0,46500.0,Invalid end month name,4267,"Unparseable date: 'June 3, 2024-Present' (Invalid end month name)"
2024,,,NEGROS OCCIDENTAL,CITY OF LA CARLOTA,CASSAVA,KANLAON,VOLCANIC ACTIVITIES,MT. KANLAON,8.0,0.0,8.0,17.0,0.0,144000.0,144000.0,Invalid end month name,4268,"Unparseable date: 'June 3, 2024-Present' (Invalid end month name)"
2024,,,NEGROS OCCIDENTAL,CITY OF BAGO,LIVESTOCK AND POULTRY,KANLAON,VOLCANIC ACTIVITIES,MT. KANLAON,0.0,3580.0,3580.0,152.0,0.0,9853448.9,9853448.9,Invalid end month name,4269,"Unparseable date: 'June 3, 2024-Present' (Invalid end month name)"
2024,,,NEGROS OCCIDENTAL,CITY OF LA CARLOTA,LIVESTOCK AND POULTRY,KANLAON,VOLCANIC ACTIVITIES,MT. KANLAON,0.0,21.0,21.0,3.0,0.0,214350.2,214350.2,Invalid end month name,4270,"Unparseable date: 'June 3, 2024-Present' (Invalid end month name)"
2024,,,NEGROS OCCIDENTAL,LA CASTELLANA,LIVESTOCK AND POULTRY,KANLAON,VOLCANIC ACTIVITIES,MT. KANLAON,0.0,12764.0,12764.0,1269.0,0.0,14490181.65,14490181.65,Invalid end month name,4271,"Unparseable date: 'June 3, 2024-Present' (Invalid end month name)"
2024,,,NEGROS OCCIDENTAL,LA CASTELLANA,FISHERIES (AQUACULTURE),KANLAON,VOLCANIC ACTIVITIES,MT. KANLAON,0.0,13690.0,13690.0,35.0,0.0,960750.0,960750.0,Invalid end month name,4272,"Unparseable date: 'June 3, 2024-Present' (Invalid end month name)"
2024,,,AKLAN,MALINAO,RICE,PEST INFESTATION,INSECT INFESTATION,HOPPER BURN,106.21,0.0,106.21,220.0,0.0,1923221.9,1923221.9,,4370,Unparseable date: 'nan'
2024,2024-09-13,2024-09-20,AKLAN,BALETE,CASSAVA,FLOODING / TYPHOON / DRY SPELL,SOUTHWEST MONSOON,SOUTHWEST MONSOON/STS BEBINCA 2024 INDUCED FLOODING,0.2,0.0,0.15,2.0,812.5,7200.0,8012.5,"Parsed from 'Month Day-Day, Year' format.",4540,Area inconsistency: Partial(0.2) + Totally(0.0) != Total(0.15).
2024,2024-10-21,2024-10-28,ILOILO,MIAGAO,RICE,FLOODING / TYPHOON / DRY SPELL,TROPICAL CYCLONE,STS KRISTINE 2024 INDUCED FLOODING,142.16,89.33,231.48,453.0,13428.57,14308625.0,14322053.57,"Parsed from 'Month Day-Day, Year' format.",4647,Area inconsistency: Partial(142.16) + Totally(89.33) != Total(231.48).
2024,2024-10-21,2024-10-28,NEGROS OCCIDENTAL,HINOBA-AN,FISHERIES,FLOODING / TYPHOON / DRY SPELL,TROPICAL CYCLONE,STS KRISTINE 2024 INDUCED FLOODING,0.0,0.0,0.0,6.0,0.0,0.0,0.0,"Parsed from 'Month Day-Day, Year' format.",4831,Missing or zero Grand Total for PHP loss.
2024,2024-10-21,2024-10-28,NEGROS OCCIDENTAL,MANAPLA,FISHERIES,FLOODING / TYPHOON / DRY SPELL,TROPICAL CYCLONE,STS KRISTINE 2024 INDUCED FLOODING,0.0,0.0,0.0,8.0,0.0,0.0,0.0,"Parsed from 'Month Day-Day, Year' format.",4832,Missing or zero Grand Total for PHP loss.
2024,2024-10-21,2024-10-28,NEGROS OCCIDENTAL,PONTEVEDRA,FISHERIES,FLOODING / TYPHOON / DRY SPELL,TROPICAL CYCLONE,STS KRISTINE 2024 INDUCED FLOODING,0.0,0.0,0.0,3.0,0.0,0.0,0.0,"Parsed from 'Month Day-Day, Year' format.",4833,Missing or zero Grand Total for PHP loss.
2024,2024-10-21,2024-10-28,NEGROS OCCIDENTAL,CITY OF SAN CARLOS,FISHERIES,FLOODING / TYPHOON / DRY SPELL,TROPICAL CYCLONE,STS KRISTINE 2024 INDUCED FLOODING,0.0,0.0,0.0,1.0,0.0,0.0,0.0,"Parsed from 'Month Day-Day, Year' format.",4836,Missing or zero Grand Total for PHP loss.
2024,2024-10-21,2024-10-28,NEGROS OCCIDENTAL,VALLADOLID,FISHERIES,FLOODING / TYPHOON / DRY SPELL,TROPICAL CYCLONE,STS KRISTINE 2024 INDUCED FLOODING,0.0,0.0,0.0,7.0,0.0,0.0,0.0,"Parsed from 'Month Day-Day, Year' format.",4839,Missing or zero Grand Total for PHP loss.
2025,2025-01-07,2025-03-30,ILOILO,TUBUNGAN,RICE,FLOODING / TYPHOON / DRY SPELL,DRY SPELL,LOCALIZED DRY SPELL,276.78,96.11,289.58,896.0,408635.14,19980844.0,20389479.14,Parsed as a standard date range.,4919,Area inconsistency: Partial(276.78) + Totally(96.11) != Total(289.58).
2025,2025-07-16,2025-08-11,NEGROS OCCIDENTAL,ISABELA,RICE,FLOODING / TYPHOON / DRY SPELL,TROPICAL CYCLONE,"CRISING, DANTE, EMONG, SOUTHWEST MONSOON (TROPICAL DEPRESSION)",97.8,100.13,197.92,383.0,9892.35,13427261.52,13437153.87,Parsed as a standard date range.,4972,Area inconsistency: Partial(97.8) + Totally(100.13) != Total(197.92).
2025,2025-07-16,2025-08-11,ILOILO,ZARRAGA,RICE,FLOODING / TYPHOON / DRY SPELL,TROPICAL CYCLONE,"CRISING, DANTE, EMONG, SOUTHWEST MONSOON (TROPICAL DEPRESSION)",114.21,92.59,192.37,225.0,2475727.38,1454876.25,3930603.63,Parsed as a standard date range.,5003,Area inconsistency: Partial(114.21) + Totally(92.59) != Total(192.37).
2025,2025-07-16,2025-08-11,ILOILO,LEGANES,RICE,FLOODING / TYPHOON / DRY SPELL,TROPICAL CYCLONE,"CRISING, DANTE, EMONG, SOUTHWEST MONSOON (TROPICAL DEPRESSION)",36.95,9.4,51.6,140.0,423206.0,0.0,423206.0,Parsed as a standard date range.,5008,Area inconsistency: Partial(36.95) + Totally(9.4) != Total(51.6).
2025,2025-07-16,2025-08-11,ILOILO,ZARRAGA,HVC,FLOODING / TYPHOON / DRY SPELL,TROPICAL CYCLONE,"CRISING, DANTE, EMONG, SOUTHWEST MONSOON (TROPICAL DEPRESSION)",1.21,0.6,1.8,26.0,7605.0,543295.2,550900.2,Parsed as a standard date range.,5091,Area inconsistency: Partial(1.21) + Totally(0.6) != Total(1.8).
